{
  "simplyjetpacks:vanilla/root_vanilla": {
    "criteria": {
      "code_trigger": "2021-05-08 07:15:27 -0400"
    },
    "done": true
  },
  "inventorypets:root": {
    "criteria": {
      "auto": "2021-05-08 07:15:28 -0400"
    },
    "done": true
  },
  "simplyjetpacks:ie/root_ie": {
    "criteria": {
      "code_trigger": "2021-05-08 07:15:27 -0400"
    },
    "done": true
  },
  "simplyjetpacks:thermal/root_thermal": {
    "criteria": {
      "code_trigger": "2021-05-08 07:15:27 -0400"
    },
    "done": true
  },
  "minecraft:adventure/adventuring_time": {
    "criteria": {
      "minecraft:plains": "2021-05-08 07:15:28 -0400"
    },
    "done": false
  },
  "simplyjetpacks:root": {
    "criteria": {
      "simply_jetpacks": "2021-05-08 07:15:28 -0400"
    },
    "done": true
  },
  "DataVersion": 2584
}